TIMESTAMP,PINAME,MSGID,OWNER,PREVLOC,NEXTLOC,INSTRUCTION_SET,ttl
1753213658064984657,/faux/default_graveyard,9f35a812-edc7-4733-a853-18950fe7f63d,sender_station,/faux/rospi_3,/faux/rospi_4,loop,0
1753213662230271054,/faux/default_graveyard,8262d3e4-c861-44da-9b30-385046c30cbf,sender_station,/faux/rospi_3,/faux/rospi_4,loop,0
1753213663101833113,/faux/default_graveyard,11c4a9a4-0bf5-4e0b-a181-6a7200ca30d3,sender_station,/faux/rospi_3,/faux/rospi_4,loop,0
1753213663124811929,/faux/default_graveyard,d242f9f8-41fc-499c-995d-253c9b63f933,sender_station,/faux/rospi_4,/faux/rospi_1,loop,0
1753213663136593555,/faux/default_graveyard,300087a6-8803-41aa-977c-2e5fd722a819,sender_station,/faux/rospi_4,/faux/rospi_1,loop,0
1753213663146034932,/faux/default_graveyard,f8c40007-1535-4e64-84e0-83b17b895609,sender_station,/faux/rospi_2,/faux/rospi_3,loop,0
1753213663148697341,/faux/default_graveyard,dea38865-8d84-4d4f-9c08-ed58b64fc74f,sender_station,/faux/rospi_4,/faux/rospi_1,loop,0
1753213663154604040,/faux/default_graveyard,39c59e0a-00c5-452d-83e0-94283de4fa71,sender_station,/faux/rospi_3,/faux/rospi_4,loop,0
1753213663163179472,/faux/default_graveyard,36dde3f7-253c-4901-9aed-cb01587dee21,sender_station,/faux/rospi_2,/faux/rospi_3,loop,0
1753213663175413257,/faux/default_graveyard,fa05461c-29c1-42e0-8c1b-5a2707186892,sender_station,/faux/rospi_4,/faux/rospi_1,loop,0
1753213663189220735,/faux/default_graveyard,1ce864d3-c5c0-4b71-92d9-e035c4d2a61a,sender_station,/faux/rospi_2,/faux/rospi_3,loop,0
1753213663191569438,/faux/default_graveyard,5b3ce93b-8f3a-4cbd-a61f-2ba36b8f67ac,sender_station,/faux/rospi_3,/faux/rospi_4,loop,0
1753213663195407196,/faux/default_graveyard,e04b2793-599d-492f-852f-a87f4d7609af,sender_station,/faux/rospi_4,/faux/rospi_1,loop,0
1753213663197237359,/faux/default_graveyard,6d50f2fe-e332-41a5-b037-c519b1e01547,sender_station,/faux/rospi_3,/faux/rospi_4,loop,0
1753213663198919953,/faux/default_graveyard,b9c5ef77-7bb8-44d7-9db6-235f821c47b8,sender_station,/faux/rospi_4,/faux/rospi_1,loop,0
1753213663200876675,/faux/default_graveyard,4fad9e64-5699-44d8-aebb-74d1d57f65dd,sender_station,/faux/rospi_3,/faux/rospi_4,loop,0
1753213663202728991,/faux/default_graveyard,888c76c8-7ffc-42b7-9372-31da6aba6d8d,sender_station,/faux/rospi_3,/faux/rospi_4,loop,0
1753213663204396836,/faux/default_graveyard,a5ef174e-13af-4729-b436-bcb2a0d7a69c,sender_station,/faux/rospi_4,/faux/rospi_1,loop,0
1753213663205954521,/faux/default_graveyard,76cc5519-9caf-4ccd-a640-f76c50894ade,sender_station,/faux/rospi_2,/faux/rospi_3,loop,0
1753213663207824616,/faux/default_graveyard,196b2da3-89e6-436d-a9ba-5004f4c5983a,sender_station,/faux/rospi_4,/faux/rospi_1,loop,0
1753213663209762618,/faux/default_graveyard,11107824-4af8-413f-b481-346d85e63f6a,sender_station,/faux/rospi_2,/faux/rospi_3,loop,0
1753213663211612051,/faux/default_graveyard,9b683e2c-d129-4a54-bc8a-a5c525d628e1,sender_station,/faux/rospi_4,/faux/rospi_1,loop,0
1753213663213425665,/faux/default_graveyard,dd0f7291-0cbc-49d2-88cb-dff1ab43ead5,sender_station,/faux/rospi_4,/faux/rospi_1,loop,0
1753213663215197120,/faux/default_graveyard,4e985fbb-fafe-40b6-baca-a4926770b56a,sender_station,/faux/rospi_2,/faux/rospi_3,loop,0
1753213663274676178,/faux/default_graveyard,13340e66-e5a9-4f9f-981b-75b33fba1300,sender_station,/faux/rospi_1,/faux/rospi_2,loop,0
1753213663276489580,/faux/default_graveyard,cf39458f-4e4b-4ffb-bfe9-d531e7c707df,sender_station,/faux/rospi_1,/faux/rospi_2,loop,0
1753213663278131478,/faux/default_graveyard,ded61b47-da16-4b39-b89c-883f27b5d096,sender_station,/faux/rospi_1,/faux/rospi_2,loop,0
1753213663279736885,/faux/default_graveyard,3dd076cc-edf8-400c-bda1-f46ddd2d440e,sender_station,/faux/rospi_1,/faux/rospi_2,loop,0
1753213663281369658,/faux/default_graveyard,7b5c68e8-527f-41a8-9ca2-92306f7cb5ee,sender_station,/faux/rospi_1,/faux/rospi_2,loop,0
1753213663282916192,/faux/default_graveyard,aee43be2-ed29-4120-9c82-9ea110fc0dac,sender_station,/faux/rospi_1,/faux/rospi_2,loop,0
1753213663284453162,/faux/default_graveyard,8fa84802-c349-4be7-bbdd-8ed324f08fd6,sender_station,/faux/rospi_1,/faux/rospi_2,loop,0
